exp_id,timestamp,model,target,feature_set,fold,rmsle_all,rmsle_warm,rmsle_cold,rmsle_blend,seed,lb_public,notes
baseline_global_median,2026-08-21T16:14:02,global_median,log1p,naive,A_mevsim,2.166772621103456,2.102485174360842,2.443698669699331,2.182703392774484,42,,naif taban
baseline_global_z,2026-08-21T16:14:02,global_z,log1p,naive,A_mevsim,1.9097861759535864,1.7947230695352323,2.3727973853904274,1.9377552870922188,42,,naif taban
baseline_entity_mean,2026-08-21T16:14:02,entity_mean,log1p,naive,A_mevsim,1.4245264435092289,1.0925153374514722,2.432448210649982,1.4967478423257068,42,,naif taban
baseline_entity_mean_28,2026-08-21T16:14:03,entity_mean_28,log1p,naive,A_mevsim,1.418614242805425,1.0839695312281523,2.430704583686728,1.4912735975105478,42,,naif taban
baseline_entity_dow,2026-08-21T16:14:03,entity_dow,log1p,naive,A_mevsim,1.423259941132738,1.090508005943013,2.432448210649982,1.4956079414696968,42,,naif taban
baseline_seasonal_naive,2026-08-21T16:14:03,seasonal_naive,log1p,naive,A_mevsim,1.4245264435092289,1.0925153374514722,2.432448210649982,1.4967478423257068,42,,naif taban
baseline_seasonal_level_adj,2026-08-21T16:14:03,seasonal_level_adj,log1p,naive,A_mevsim,1.4245264435092289,1.0925153374514722,2.432448210649982,1.4967478423257068,42,,naif taban
baseline_peer_guc_z,2026-08-21T16:14:03,peer_guc_z,log1p,naive,A_mevsim,1.909992647210964,1.7799265496272016,2.425010328683063,1.941452195254012,42,,naif taban
baseline_global_median,2026-08-21T16:14:05,global_median,log1p,naive,B_guncel,2.1500848894208544,2.188838637330638,1.9477817325394096,2.137766059287733,42,,naif taban
baseline_global_z,2026-08-21T16:14:05,global_z,log1p,naive,B_guncel,1.8881805125036395,1.9217592701209865,1.7130352622133709,1.8775083669287649,42,,naif taban
baseline_entity_mean,2026-08-21T16:14:05,entity_mean,log1p,naive,B_guncel,1.3236007451971223,1.154381641163848,1.9542930122686288,1.3724582912202394,42,,naif taban
baseline_entity_mean_28,2026-08-21T16:14:06,entity_mean_28,log1p,naive,B_guncel,1.2504377554472454,1.0478312169502035,1.964514051219148,1.3076195116093088,42,,naif taban
baseline_entity_dow,2026-08-21T16:14:06,entity_dow,log1p,naive,B_guncel,1.3243019325554355,1.1553485368243743,1.9542930122686288,1.3730914525323457,42,,naif taban
baseline_seasonal_naive,2026-08-21T16:14:06,seasonal_naive,log1p,naive,B_guncel,1.3802257826303277,1.2315663237110273,1.9542930122686288,1.423724286366815,42,,naif taban
baseline_seasonal_level_adj,2026-08-21T16:14:06,seasonal_level_adj,log1p,naive,B_guncel,1.3748968187465107,1.2243756369504653,1.9542930122686288,1.4188884276642322,42,,naif taban
baseline_peer_guc_z,2026-08-21T16:14:06,peer_guc_z,log1p,naive,B_guncel,1.8683491638478,1.8970207482467056,1.720019839936405,1.8592512161718453,42,,naif taban
baseline_global_median,2026-08-21T16:14:08,global_median,log1p,naive,C_ara,2.117937361363515,2.1619267472808046,1.8512979459865704,2.0970635576568,42,,naif taban
baseline_global_z,2026-08-21T16:14:08,global_z,log1p,naive,C_ara,1.8446688930453543,1.8847802742443016,1.600581812086619,1.825621600170441,42,,naif taban
baseline_entity_mean,2026-08-21T16:14:08,entity_mean,log1p,naive,C_ara,1.5238010034928942,1.4571547097225066,1.854398491642112,1.553966955966965,42,,naif taban
baseline_entity_mean_28,2026-08-21T16:14:08,entity_mean_28,log1p,naive,C_ara,1.500502751308402,1.4288207306690797,1.8525423315893548,1.5328528519178233,42,,naif taban
baseline_entity_dow,2026-08-21T16:14:08,entity_dow,log1p,naive,C_ara,1.5234949241777622,1.456777682122744,1.854398491642112,1.5536917726370922,42,,naif taban
baseline_seasonal_naive,2026-08-21T16:14:08,seasonal_naive,log1p,naive,C_ara,1.5386846675112842,1.4754623583051076,1.854398491642112,1.5673560760190253,42,,naif taban
baseline_seasonal_level_adj,2026-08-21T16:14:08,seasonal_level_adj,log1p,naive,C_ara,1.619706516261194,1.5742964058999955,1.854398491642112,1.6404969976368748,42,,naif taban
baseline_peer_guc_z,2026-08-21T16:14:08,peer_guc_z,log1p,naive,C_ara,1.8206243388178125,1.8576286678871248,1.5967220979683054,1.8030708330914884,42,,naif taban
model_lgbm_A,2026-08-21T16:16:59,lgbm_A,log1p,full,A_mevsim,1.438413036029281,1.0752851954917526,2.513018021019406,1.5164027752120666,42,,thr=1.01
model_lgbm_z,2026-08-21T16:16:59,lgbm_z,log1p,full,A_mevsim,1.4099730033928997,1.0457276921225105,2.479726906463882,1.4878995302359552,42,,thr=1.01
model_lgbm_A_gate,2026-08-21T16:16:59,lgbm_A_gate,log1p,full,A_mevsim,1.438413036029281,1.0752851954917526,2.513018021019406,1.5164027752120666,42,,thr=1.01
model_lgbm_Bcoldwarm,2026-08-21T16:16:59,lgbm_Bcoldwarm,log1p,full,A_mevsim,1.4080139554651907,1.0752851954917526,2.4137538125932174,1.4802376261755417,42,,thr=1.01
model_level_shape_C,2026-08-21T16:16:59,level_shape_C,log1p,full,A_mevsim,1.343591914251295,1.0038461958134146,2.3484633904195915,1.4165399345981655,42,,thr=1.01
model_catboost,2026-08-21T16:16:59,catboost,log1p,full,A_mevsim,1.3800661597351769,1.062336784377904,2.348311401549681,1.4493096955378448,42,,thr=1.01
model_xgboost,2026-08-21T16:16:59,xgboost,log1p,full,A_mevsim,1.380719285656988,1.0490332946972798,2.378113324830752,1.4525316677832216,42,,thr=1.01
model_ensemble,2026-08-21T16:16:59,ensemble,log1p,full,A_mevsim,1.3709588628788292,1.0341784341696796,2.3764645402626483,1.443614504159207,42,,thr=1.01
model_ensemble_shift,2026-08-21T16:16:59,ensemble_shift,log1p,full,A_mevsim,1.3755374333494113,1.0114075990056692,2.4362554774482064,1.4531111989155954,42,,thr=1.01
model_lgbm_A,2026-08-21T16:18:18,lgbm_A,log1p,full,B_guncel,1.2692267859252344,1.0525205611376862,2.022746776724502,1.330033291933849,42,,thr=0.99
model_lgbm_z,2026-08-21T16:18:18,lgbm_z,log1p,full,B_guncel,1.2759774697592257,1.0609140667462518,2.0263116754502284,1.3364113791675931,42,,thr=0.99
model_lgbm_A_gate,2026-08-21T16:18:18,lgbm_A_gate,log1p,full,B_guncel,1.2683429884146786,1.051238290866085,2.022746776724502,1.329243678033995,42,,thr=0.99
model_lgbm_Bcoldwarm,2026-08-21T16:18:18,lgbm_Bcoldwarm,log1p,full,B_guncel,1.2128328276125102,1.051238290866085,1.8096228695106893,1.2593222835351543,42,,thr=0.99
model_level_shape_C,2026-08-21T16:18:18,level_shape_C,log1p,full,B_guncel,1.1602102687386275,1.0172577133491152,1.697272751805631,1.2016111968244578,42,,thr=0.99
model_catboost,2026-08-21T16:18:18,catboost,log1p,full,B_guncel,1.208812647938082,1.0550250774183314,1.782604440436401,1.2532331882067802,42,,thr=0.99
model_xgboost,2026-08-21T16:18:18,xgboost,log1p,full,B_guncel,1.2158950511284023,1.0393940838525448,1.8549719058336445,1.2662719877096156,42,,thr=0.99
model_ensemble,2026-08-21T16:18:18,ensemble,log1p,full,B_guncel,1.1758881202238718,1.0164918217589989,1.762273511158581,1.2216746270444647,42,,thr=0.99
model_ensemble_shift,2026-08-21T16:18:18,ensemble_shift,log1p,full,B_guncel,1.1748165802045942,1.007816920225574,1.7824837167504266,1.2225772557083912,42,,thr=0.99
model_lgbm_A,2026-08-21T16:19:28,lgbm_A,log1p,full,C_ara,1.4808686698790576,1.3809055521539273,1.9496484626143384,1.5253397283165189,42,,thr=1.01
model_lgbm_z,2026-08-21T16:19:28,lgbm_z,log1p,full,C_ara,1.4712397837167033,1.370154828123343,1.944008862968558,1.5161706277128812,42,,thr=1.01
model_lgbm_A_gate,2026-08-21T16:19:28,lgbm_A_gate,log1p,full,C_ara,1.4808686698790576,1.3809055521539273,1.9496484626143384,1.5253397283165189,42,,thr=1.01
model_lgbm_Bcoldwarm,2026-08-21T16:19:28,lgbm_Bcoldwarm,log1p,full,C_ara,1.421110001581361,1.3809055521539273,1.6287531579655148,1.4395137088383023,42,,thr=1.01
model_level_shape_C,2026-08-21T16:19:29,level_shape_C,log1p,full,C_ara,1.3713291972978825,1.331128146359566,1.5783770814437668,1.389717594536585,42,,thr=1.01
model_catboost,2026-08-21T16:19:29,catboost,log1p,full,C_ara,1.44449515338065,1.4033111905937186,1.6570695959978086,1.4633442076410277,42,,thr=1.01
model_xgboost,2026-08-21T16:19:29,xgboost,log1p,full,C_ara,1.3762630873244233,1.32385583412989,1.6399930015322182,1.4000820163882723,42,,thr=1.01
model_ensemble,2026-08-21T16:19:29,ensemble,log1p,full,C_ara,1.3710977890742388,1.3300887132899393,1.5819677792900666,1.3898476528815724,42,,thr=1.01
model_ensemble_shift,2026-08-21T16:19:29,ensemble_shift,log1p,full,C_ara,1.3716667115058974,1.3300051123031895,1.585624340224552,1.390708478860721,42,,thr=1.01
submit_level_shape_c,2026-08-21T16:30:25,level_shape_C,log1p,full,submission,,,,1.336,42,1.14884,Kaggle ref=55670122; CV blend mean 1.336 vs naive entity_mean_28 1.444
submit_ensemble,2026-08-21T16:33:22,ensemble,log1p,full,submission,,,,1.352,42,1.29422,Kaggle ref=55670178; CV blend 1.352; worse than level_shape public 1.14884
wx_lgbm_A,2026-08-21T16:49:35,lgbm_A,log1p,full_weather,A_mevsim,1.438413036029281,1.0752851954917526,2.513018021019406,1.5164027752120666,42,,havayla CV
wx_level_shape_C,2026-08-21T16:49:35,level_shape_C,log1p,full_weather,A_mevsim,1.3435494268750328,1.0039850647347777,2.3480498190006824,1.4164646132621437,42,,havayla CV
wx_level_shape_C_coldpatch,2026-08-21T16:49:35,level_shape_C_coldpatch,log1p,full_weather,A_mevsim,1.4274032784114217,1.132593059861814,2.3554896596301336,1.4926540563258333,42,,havayla CV
wx_lgbm_A,2026-08-21T16:50:23,lgbm_A,log1p,full_weather,B_guncel,1.2692267859252344,1.0525205611376862,2.022746776724502,1.330033291933849,42,,havayla CV
wx_level_shape_C,2026-08-21T16:50:23,level_shape_C,log1p,full_weather,B_guncel,1.1604618804880658,1.0174973580720903,1.69758458756315,1.2018667249705768,42,,havayla CV
wx_level_shape_C_coldpatch,2026-08-21T16:50:23,level_shape_C_coldpatch,log1p,full_weather,B_guncel,1.2936052684237078,1.199229332214414,1.683244431704726,1.321861804501954,42,,havayla CV
wx_lgbm_A,2026-08-21T16:51:03,lgbm_A,log1p,full_weather,C_ara,1.4808686698790576,1.3809055521539273,1.9496484626143384,1.5253397283165189,42,,havayla CV
wx_level_shape_C,2026-08-21T16:51:03,level_shape_C,log1p,full_weather,C_ara,1.3711026761415055,1.3309171900644654,1.578074049257985,1.3894840411531295,42,,havayla CV
wx_level_shape_C_coldpatch,2026-08-21T16:51:03,level_shape_C_coldpatch,log1p,full_weather,C_ara,1.5327343906306727,1.5250611465962036,1.575174113876538,1.5363071689722951,42,,havayla CV
abl_full,2026-08-21T16:51:10,level_shape_C,log1p,full,A_mevsim,1.3435494268750328,1.0039850647347777,2.3480498190006824,1.4164646132621437,42,,ablation delta=+0.0000
abl_no_weather,2026-08-21T16:51:16,level_shape_C,log1p,no_weather,A_mevsim,1.3441161439080194,1.0055593905337787,2.3467487093459427,1.4168560178513223,42,,ablation delta=+0.0004
abl_no_calendar,2026-08-21T16:51:23,level_shape_C,log1p,no_calendar,A_mevsim,1.343328977500671,1.003607689847538,2.3480874271087653,1.4162702462605803,42,,ablation delta=-0.0002
abl_no_history,2026-08-21T16:51:29,level_shape_C,log1p,no_history,A_mevsim,1.3488641096797676,1.0115262152072062,2.350214312885326,1.421427678934119,42,,ablation delta=+0.0050
abl_full,2026-08-21T16:51:46,level_shape_C,log1p,full,B_guncel,1.1604618804880658,1.0174973580720903,1.69758458756315,1.2018667249705768,42,,ablation delta=+0.0000
abl_no_weather,2026-08-21T16:51:59,level_shape_C,log1p,no_weather,B_guncel,1.1640130756657874,1.0222392763635428,1.6979573139160833,1.2051111873873026,42,,ablation delta=+0.0032
abl_no_calendar,2026-08-21T16:52:16,level_shape_C,log1p,no_calendar,B_guncel,1.1595822488163166,1.0158333568219426,1.6989327046421618,1.20119299883465,42,,ablation delta=-0.0007
abl_no_history,2026-08-21T16:52:30,level_shape_C,log1p,no_history,B_guncel,1.220596630253803,1.0994065984123853,1.6958886034697411,1.256255603360866,42,,ablation delta=+0.0544
cold_baseline,2026-08-21T16:54:48,level_shape_baseline,log1p,full_weather,A_mevsim,1.3435494268750328,1.0039850647347777,2.3480498190006824,1.4164646132621437,42,,cold patch re-eval
cold_peer,2026-08-21T16:54:56,level_shape_peer,log1p,full_weather,A_mevsim,1.3673615663383976,1.0035424395556232,2.425348733164713,1.4447996294825052,42,,cold patch re-eval
cold_peer_soft,2026-08-21T16:55:04,level_shape_peer_soft,log1p,full_weather,A_mevsim,1.367353077263759,1.0035424395556232,2.4253216832912794,1.444789567103863,42,,cold patch re-eval
cold_baseline,2026-08-21T16:55:24,level_shape_baseline,log1p,full_weather,B_guncel,1.1604618804880658,1.0174973580720903,1.69758458756315,1.2018667249705768,42,,cold patch re-eval
cold_peer,2026-08-21T16:55:41,level_shape_peer,log1p,full_weather,B_guncel,1.1776602920562365,1.0303254416838965,1.729376768537907,1.2202767561332182,42,,cold patch re-eval
cold_peer_soft,2026-08-21T16:55:58,level_shape_peer_soft,log1p,full_weather,B_guncel,1.1776302225181523,1.0303254416838965,1.72925533562645,1.220238620673698,42,,cold patch re-eval
cold_baseline,2026-08-21T16:56:13,level_shape_baseline,log1p,full_weather,C_ara,1.3711026761415055,1.3309171900644654,1.578074049257985,1.3894840411531295,42,,cold patch re-eval
cold_peer,2026-08-21T16:56:27,level_shape_peer,log1p,full_weather,C_ara,1.391321821418588,1.3510681554979147,1.598856589678844,1.4097394382499184,42,,cold patch re-eval
cold_peer_soft,2026-08-21T16:56:43,level_shape_peer_soft,log1p,full_weather,C_ara,1.3913180597805406,1.3510681554979147,1.5988349148955543,1.409733990802122,42,,cold patch re-eval
router_level_shape_C,2026-08-21T17:01:46,level_shape_C,log1p,full_weather,A_mevsim,1.3435494268750328,1.0039850647347777,2.3480498190006824,1.4164646132621437,42,,C+B router
router_cold_B_alone,2026-08-21T17:01:46,cold_B_alone,log1p,full_weather,A_mevsim,1.6619722891938005,1.4483847756590773,2.4192077267395504,1.711686454685548,42,,C+B router
router_router_CB,2026-08-21T17:01:46,router_CB,log1p,full_weather,A_mevsim,1.365703197047292,1.0039850647347777,2.4192077267395504,1.4427560228651384,42,,C+B router
router_level_shape_C,2026-08-21T17:02:11,level_shape_C,log1p,full_weather,B_guncel,1.1604618804880658,1.0174973580720903,1.69758458756315,1.2018667249705768,42,,C+B router
router_cold_B_alone,2026-08-21T17:02:11,cold_B_alone,log1p,full_weather,B_guncel,1.7939399838480632,1.7894753465462172,1.8157910814447096,1.795340181719396,42,,C+B router
router_router_CB,2026-08-21T17:02:11,router_CB,log1p,full_weather,B_guncel,1.1902536508798476,1.0174973580720903,1.8157910814447096,1.2395624030268175,42,,C+B router
router_level_shape_C,2026-08-21T17:02:34,level_shape_C,log1p,full_weather,C_ara,1.3712017903166869,1.331038262611974,1.5780702406617375,1.38957335438087,42,,C+B router
router_cold_B_alone,2026-08-21T17:02:34,cold_B_alone,log1p,full_weather,C_ara,1.6689738194246309,1.675715504003502,1.6305566479990272,1.6658138897979022,42,,C+B router
router_router_CB,2026-08-21T17:02:34,router_CB,log1p,full_weather,C_ara,1.3804448569657786,1.331038262611974,1.6305566479990272,1.4029374924114244,42,,C+B router
ccs_level_shape_C,2026-08-21T17:03:59,level_shape_C,log1p,full_weather,A_mevsim,1.3435494268750328,1.0039850647347777,2.3480498190006824,1.4164646132621437,42,,cold shape router
ccs_cold_shape,2026-08-21T17:03:59,cold_shape,log1p,full_weather,A_mevsim,1.870889652632257,1.7401272646225772,2.386794383387409,1.9024817174575772,42,,cold shape router
ccs_router_C_cs,2026-08-21T17:03:59,router_C_cs,log1p,full_weather,A_mevsim,1.3555748111785846,1.0039850647347777,2.386794383387409,1.4307426059633823,42,,cold shape router
ccs_router_C_cs_monthbias_oracle,2026-08-21T17:03:59,router_C_cs_monthbias_oracle,log1p,full_weather,A_mevsim,1.345410878883843,1.0039850647347777,2.3540662304349205,1.4186758032248894,42,,cold shape router
ccs_level_shape_C,2026-08-21T17:04:22,level_shape_C,log1p,full_weather,B_guncel,1.1604618804880658,1.0174973580720903,1.69758458756315,1.2018667249705768,42,,cold shape router
ccs_cold_shape,2026-08-21T17:04:22,cold_shape,log1p,full_weather,B_guncel,1.8566331262685567,1.883411885773616,1.718519188406614,1.8481409500747208,42,,cold shape router
ccs_router_C_cs,2026-08-21T17:04:22,router_C_cs,log1p,full_weather,B_guncel,1.165646254245577,1.0174973580720903,1.718519188406614,1.2084416814226635,42,,cold shape router
ccs_router_C_cs_monthbias_oracle,2026-08-21T17:04:22,router_C_cs_monthbias_oracle,log1p,full_weather,B_guncel,1.1706353404200964,1.0174973580720903,1.7385137649131088,1.2147628215528186,42,,cold shape router
ccs_level_shape_C,2026-08-21T17:04:43,level_shape_C,log1p,full_weather,C_ara,1.3711026761415055,1.3309171900644654,1.578074049257985,1.3894840411531295,42,,cold shape router
ccs_cold_shape,2026-08-21T17:04:43,cold_shape,log1p,full_weather,C_ara,1.794332172210966,1.8292567712720365,1.5837335243127666,1.7777757239548286,42,,cold shape router
ccs_router_C_cs,2026-08-21T17:04:43,router_C_cs,log1p,full_weather,C_ara,1.3720878169304636,1.3309171900644654,1.5837335243127666,1.3909102231750683,42,,cold shape router
ccs_router_C_cs_monthbias_oracle,2026-08-21T17:04:43,router_C_cs_monthbias_oracle,log1p,full_weather,C_ara,1.3747143181905797,1.3309171900644654,1.5987440862276616,1.3947104549561309,42,,cold shape router
cmask_baseline,2026-08-21T17:05:45,baseline,log1p,full_weather,A_mevsim,1.3414720773768165,1.0004930812180264,2.3482705668524035,1.414621236116617,42,,mask=0.3 aug=False
cmask_mask50,2026-08-21T17:05:51,mask50,log1p,full_weather,A_mevsim,1.339547719791478,0.9969865012192596,2.3489994788125066,1.4129613628434925,42,,mask=0.5 aug=False
cmask_mask70,2026-08-21T17:05:57,mask70,log1p,full_weather,A_mevsim,1.344405710297727,1.0058006959416013,2.347205089418592,1.417156833546468,42,,mask=0.7 aug=False
cmask_augment,2026-08-21T17:06:05,augment,log1p,full_weather,A_mevsim,1.3500231912371226,1.0042402495155338,2.368440278063712,1.4241076110968165,42,,mask=0.3 aug=True
cmask_mask50_aug,2026-08-21T17:06:13,mask50_aug,log1p,full_weather,A_mevsim,1.3460635783687518,1.0016217921378143,2.3608485159917514,1.4198724871978632,42,,mask=0.5 aug=True
cmask_baseline,2026-08-21T17:06:30,baseline,log1p,full_weather,B_guncel,1.1626555132693672,1.020965289189647,1.696219712570885,1.2037274815277352,42,,mask=0.3 aug=False
cmask_mask50,2026-08-21T17:06:47,mask50,log1p,full_weather,B_guncel,1.1625557376752695,1.020753619375739,1.6964422174722436,1.2036572314108531,42,,mask=0.5 aug=False
cmask_mask70,2026-08-21T17:07:02,mask70,log1p,full_weather,B_guncel,1.177515813389075,1.0416508077149536,1.6950028113852995,1.2170689338734386,42,,mask=0.7 aug=False
cmask_augment,2026-08-21T17:07:27,augment,log1p,full_weather,B_guncel,1.1752402912809312,1.0356326294633131,1.703795896860144,1.215791254007716,42,,mask=0.3 aug=True
cmask_mask50_aug,2026-08-21T17:07:56,mask50_aug,log1p,full_weather,B_guncel,1.1737805625956514,1.03471828528395,1.700564356046592,1.2141815997756475,42,,mask=0.5 aug=True
cmask_baseline,2026-08-21T17:08:16,baseline,log1p,full_weather,C_ara,1.368567783545683,1.3278000406155743,1.5782654330096084,1.3872089534038274,42,,mask=0.3 aug=False
cmask_mask50,2026-08-21T17:08:53,mask50,log1p,full_weather,C_ara,1.372975863120803,1.3321268016115604,1.5831124825807097,1.3916547124210652,42,,mask=0.5 aug=False
cmask_mask70,2026-08-21T17:09:11,mask70,log1p,full_weather,C_ara,1.3744209520030464,1.334413786762193,1.580586026176556,1.3927234285950505,42,,mask=0.7 aug=False
cmask_augment,2026-08-21T17:09:42,augment,log1p,full_weather,C_ara,1.3719824858795586,1.3320100209342225,1.5779539566656415,1.390268734894816,42,,mask=0.3 aug=True
cmask_mask50_aug,2026-08-21T17:10:11,mask50_aug,log1p,full_weather,C_ara,1.374977891246269,1.336180060551212,1.5753966754859663,1.3927386714908074,42,,mask=0.5 aug=True
ceil_td_guc_dow,2026-08-21T17:24:30,td_guc_dow,log1p,hierarchy_ceiling,A_mevsim,1.4620559088687382,1.2042442579688954,2.30983552303751,1.5202468058337606,42,,cov=1.000
ceil_td_ilce_guc_dow,2026-08-21T17:24:30,td_ilce_guc_dow,log1p,hierarchy_ceiling,A_mevsim,1.6445204127846185,1.367782405135631,2.565611026444263,1.7073090020952808,42,,cov=0.976
ceil_td_guc_dow_yoy,2026-08-21T17:24:30,td_guc_dow_yoy,log1p,hierarchy_ceiling,A_mevsim,1.4620559088687382,1.2042442579688954,2.30983552303751,1.5202468058337606,42,,cov=1.000
ceil_td_ilce_guc_dow_yoy,2026-08-21T17:24:30,td_ilce_guc_dow_yoy,log1p,hierarchy_ceiling,A_mevsim,1.6445204127846185,1.367782405135631,2.565611026444263,1.7073090020952808,42,,cov=0.976
ceil_guc_month_z,2026-08-21T17:24:30,guc_month_z,log1p,hierarchy_ceiling,A_mevsim,1.8958084899430112,1.7810761032489206,2.35722947365636,1.923692459514771,42,,cov=0.000
ceil_guc_month_z_yoy,2026-08-21T17:24:30,guc_month_z_yoy,log1p,hierarchy_ceiling,A_mevsim,1.8958084899430112,1.7810761032489206,2.35722947365636,1.923692459514771,42,,cov=0.000
ceil_profile_kmeans,2026-08-21T17:24:30,profile_kmeans,log1p,hierarchy_ceiling,A_mevsim,1.3580472162767652,1.023126619718337,2.356735790234376,1.430255695980004,42,,cov=1.000
ceil_td_guc_dow,2026-08-21T17:24:57,td_guc_dow,log1p,hierarchy_ceiling,B_guncel,1.9368502885670036,1.9529969756168684,1.855190596325524,1.9317502256584416,42,,cov=1.000
ceil_td_ilce_guc_dow,2026-08-21T17:24:57,td_ilce_guc_dow,log1p,hierarchy_ceiling,B_guncel,2.210454797432432,2.148689862973081,2.4926952163349827,2.229504042268432,42,,cov=0.992
ceil_td_guc_dow_yoy,2026-08-21T17:24:57,td_guc_dow_yoy,log1p,hierarchy_ceiling,B_guncel,1.9368502885670036,1.9529969756168684,1.855190596325524,1.9317502256584416,42,,cov=1.000
ceil_td_ilce_guc_dow_yoy,2026-08-21T17:24:57,td_ilce_guc_dow_yoy,log1p,hierarchy_ceiling,B_guncel,2.210454797432432,2.148689862973081,2.4926952163349827,2.229504042268432,42,,cov=0.992
ceil_guc_month_z,2026-08-21T17:24:57,guc_month_z,log1p,hierarchy_ceiling,B_guncel,1.8553644364676405,1.883960125940984,1.7073950040053278,1.846290175143108,42,,cov=0.808
ceil_guc_month_z_yoy,2026-08-21T17:24:57,guc_month_z_yoy,log1p,hierarchy_ceiling,B_guncel,1.8553644364676405,1.883960125940984,1.7073950040053278,1.846290175143108,42,,cov=0.808
ceil_profile_kmeans,2026-08-21T17:24:57,profile_kmeans,log1p,hierarchy_ceiling,B_guncel,1.2278204727866848,1.107558173361239,1.700655757631554,1.2632378465300813,42,,cov=1.000
ceil_td_guc_dow,2026-08-21T17:25:15,td_guc_dow,log1p,hierarchy_ceiling,C_ara,1.6368370066553524,1.6262582114993895,1.6950775494440664,1.64175739805535,42,,cov=1.000
ceil_td_ilce_guc_dow,2026-08-21T17:25:15,td_ilce_guc_dow,log1p,hierarchy_ceiling,C_ara,1.9245077181394152,1.8384801394548107,2.3502192819437973,1.9634188489726283,42,,cov=0.994
ceil_td_guc_dow_yoy,2026-08-21T17:25:15,td_guc_dow_yoy,log1p,hierarchy_ceiling,C_ara,1.6368370066553524,1.6262582114993895,1.6950775494440664,1.64175739805535,42,,cov=1.000
ceil_td_ilce_guc_dow_yoy,2026-08-21T17:25:15,td_ilce_guc_dow_yoy,log1p,hierarchy_ceiling,C_ara,1.9245077181394152,1.8384801394548107,2.3502192819437973,1.9634188489726283,42,,cov=0.994
ceil_guc_month_z,2026-08-21T17:25:15,guc_month_z,log1p,hierarchy_ceiling,C_ara,1.815072985047032,1.8536524752464327,1.5807702374416488,1.7967597335395962,42,,cov=0.315
ceil_guc_month_z_yoy,2026-08-21T17:25:15,guc_month_z_yoy,log1p,hierarchy_ceiling,C_ara,1.815072985047032,1.8536524752464327,1.5807702374416488,1.7967597335395962,42,,cov=0.315
ceil_profile_kmeans,2026-08-21T17:25:15,profile_kmeans,log1p,hierarchy_ceiling,C_ara,1.4074058118131407,1.3731228088822165,1.586398826922078,1.423144074930371,42,,cov=1.000
narrow_baseline,2026-08-21T17:28:35,baseline,log1p,narrow_c,A_mevsim,1.3435494268750328,1.0039850647347777,2.3480498190006824,1.4164646132621437,42,,post hierarchy NO-GO
narrow_yoy,2026-08-21T17:28:35,yoy,log1p,narrow_c,A_mevsim,1.3435494268750328,1.0039850647347777,2.3480498190006824,1.4164646132621437,42,,post hierarchy NO-GO
narrow_yoy_bias,2026-08-21T17:28:43,yoy_bias,log1p,narrow_c,A_mevsim,1.3435494268750328,1.0039850647347777,2.3480498190006824,1.4164646132621437,42,,post hierarchy NO-GO
narrow_yoy_bias_soft,2026-08-21T17:28:52,yoy_bias_soft,log1p,narrow_c,A_mevsim,1.3435446372111612,1.0039850647347777,2.3480343291699466,1.4164589231942837,42,,post hierarchy NO-GO
narrow_baseline,2026-08-21T17:29:32,baseline,log1p,narrow_c,B_guncel,1.1604618804880658,1.0174973580720903,1.69758458756315,1.2018667249705768,42,,post hierarchy NO-GO
narrow_yoy,2026-08-21T17:29:32,yoy,log1p,narrow_c,B_guncel,1.1722812403878524,1.0279396078359646,1.714641121637876,1.214086787179402,42,,post hierarchy NO-GO
narrow_yoy_bias,2026-08-21T17:29:52,yoy_bias,log1p,narrow_c,B_guncel,1.1724605086980808,1.0279396078359646,1.7153678511907886,1.2143142536679006,42,,post hierarchy NO-GO
narrow_yoy_bias_soft,2026-08-21T17:30:11,yoy_bias_soft,log1p,narrow_c,B_guncel,1.1724414149960254,1.0279396078359646,1.7152904572615644,1.2142900267950152,42,,post hierarchy NO-GO
narrow_baseline,2026-08-21T17:30:46,baseline,log1p,narrow_c,C_ara,1.3711026761415055,1.3309171900644654,1.578074049257985,1.3894840411531295,42,,post hierarchy NO-GO
narrow_yoy,2026-08-21T17:30:46,yoy,log1p,narrow_c,C_ara,1.374701945202256,1.3362064050301077,1.5736755554857864,1.392327099398209,42,,post hierarchy NO-GO
narrow_yoy_bias,2026-08-21T17:31:02,yoy_bias,log1p,narrow_c,C_ara,1.3776946626567412,1.3362064050301077,1.5909107860903846,1.3966607827599244,42,,post hierarchy NO-GO
narrow_yoy_bias_soft,2026-08-21T17:31:19,yoy_bias_soft,log1p,narrow_c,C_ara,1.377693070285127,1.3362064050301077,1.5909016552681126,1.3966584779578015,42,,post hierarchy NO-GO
C_external,2026-08-21T18:54:31,level_shape_C_external,log1p,weather+tuik+epias,A_mevsim,1.3434912698795114,1.0041246204707486,2.3475840910349715,1.416370547407383,42,,"{'log_nufus': 1.0, 'log_epias_total_lag1': 1.0, 'epias_yoy_ratio': 1.0}"
C_external,2026-08-21T18:54:59,level_shape_C_external,log1p,weather+tuik+epias,B_guncel,1.1625243597485269,1.0196680185289173,1.6995306300862911,1.2039064279303493,42,,"{'log_nufus': 1.0, 'log_epias_total_lag1': 1.0, 'epias_yoy_ratio': 1.0}"
C_external,2026-08-21T18:55:21,level_shape_C_external,log1p,weather+tuik+epias,C_ara,1.3754366741108557,1.3359422860075316,1.5791775382507152,1.3935097655424695,42,,"{'log_nufus': 1.0, 'log_epias_total_lag1': 1.0, 'epias_yoy_ratio': 1.0}"
ctune_baseline_400,2026-08-21T19:03:11,baseline_400,log1p,weather_no_external,A_mevsim,1.344221845153405,1.0051629009386909,2.3478807872820773,1.4170526262803118,42,,"{'n_trees': 400, 'seeds': (45,), 'params': None}"
ctune_trees_700,2026-08-21T19:03:20,trees_700,log1p,weather_no_external,A_mevsim,1.3436968109027905,1.0037153140683603,2.3490627490947094,1.4166879595489332,42,,"{'n_trees': 700, 'seeds': (45,), 'params': None}"
ctune_deep_leaves,2026-08-21T19:03:31,deep_leaves,log1p,weather_no_external,A_mevsim,1.3443939938919989,1.0052464696653851,2.348271401317191,1.4172421888418216,42,,"{'n_trees': 600, 'seeds': (45,), 'params': {'num_leaves': 127, 'min_child_samples': 40, 'learning_rate': 0.03}}"
ctune_seed_avg3_500,2026-08-21T19:03:54,seed_avg3_500,log1p,weather_no_external,A_mevsim,1.3438342931792258,1.0041571829984006,2.348628719994332,1.41677223154624,42,,"{'n_trees': 500, 'seeds': (45, 59, 141), 'params': None}"
ctune_seed_avg3_deep,2026-08-21T19:04:26,seed_avg3_deep,log1p,weather_no_external,A_mevsim,1.3443592470095864,1.004862750989295,2.348922865798062,1.417269606443004,42,,"{'n_trees': 600, 'seeds': (45, 59, 141), 'params': {'num_leaves': 95, 'min_child_samples': 50, 'learning_rate': 0.04}}"
ctune_baseline_400,2026-08-21T19:04:47,baseline_400,log1p,weather_no_external,B_guncel,1.159000120243732,1.015592628988999,1.6972858434948304,1.2005184445208654,42,,"{'n_trees': 400, 'seeds': (45,), 'params': None}"
ctune_trees_700,2026-08-21T19:05:07,trees_700,log1p,weather_no_external,B_guncel,1.1585574523694366,1.014990625990204,1.6972690284893976,1.2001168098445414,42,,"{'n_trees': 700, 'seeds': (45,), 'params': None}"
ctune_deep_leaves,2026-08-21T19:05:33,deep_leaves,log1p,weather_no_external,B_guncel,1.1602494304558113,1.0175135588336115,1.696675305062361,1.201592840464392,42,,"{'n_trees': 600, 'seeds': (45,), 'params': {'num_leaves': 127, 'min_child_samples': 40, 'learning_rate': 0.03}}"
ctune_seed_avg3_500,2026-08-21T19:06:19,seed_avg3_500,log1p,weather_no_external,B_guncel,1.158566090575654,1.0144508601210422,1.6988942025307572,1.2002711231953782,42,,"{'n_trees': 500, 'seeds': (45, 59, 141), 'params': None}"
ctune_seed_avg3_deep,2026-08-21T19:07:29,seed_avg3_deep,log1p,weather_no_external,B_guncel,1.1600041758789212,1.016876884097292,1.6975624620708,1.2014509654181775,42,,"{'n_trees': 600, 'seeds': (45, 59, 141), 'params': {'num_leaves': 95, 'min_child_samples': 50, 'learning_rate': 0.04}}"
ctune_baseline_400,2026-08-21T19:07:47,baseline_400,log1p,weather_no_external,C_ara,1.3733292795769867,1.3334820371766556,1.5787222767809403,1.3915598360788242,42,,"{'n_trees': 400, 'seeds': (45,), 'params': None}"
ctune_trees_700,2026-08-21T19:08:06,trees_700,log1p,weather_no_external,C_ara,1.3737534669720102,1.3336438803958437,1.5803965861506817,1.3921016115445164,42,,"{'n_trees': 700, 'seeds': (45,), 'params': None}"
ctune_deep_leaves,2026-08-21T19:08:33,deep_leaves,log1p,weather_no_external,C_ara,1.3746690318376382,1.3353653778623962,1.5774936914808078,1.3926564520295035,42,,"{'n_trees': 600, 'seeds': (45,), 'params': {'num_leaves': 127, 'min_child_samples': 40, 'learning_rate': 0.03}}"
ctune_seed_avg3_500,2026-08-21T19:09:18,seed_avg3_500,log1p,weather_no_external,C_ara,1.3728546288158685,1.3328957995363726,1.5787717348177477,1.3911350193274512,42,,"{'n_trees': 500, 'seeds': (45, 59, 141), 'params': None}"
ctune_seed_avg3_deep,2026-08-21T19:10:20,seed_avg3_deep,log1p,weather_no_external,C_ara,1.3719941582420676,1.3319904666673168,1.5781139397855213,1.390294391883269,42,,"{'n_trees': 600, 'seeds': (45, 59, 141), 'params': {'num_leaves': 95, 'min_child_samples': 50, 'learning_rate': 0.04}}"
ctune_baseline_400,2026-08-21T19:13:43,baseline_400,log1p,weather_no_external,A_mevsim,1.344221845153405,1.0051629009386909,2.3478807872820773,1.4170526262803118,42,,"{'n_trees': 400, 'seeds': (45,), 'params': None}"
ctune_trees_700,2026-08-21T19:13:52,trees_700,log1p,weather_no_external,A_mevsim,1.3436968109027905,1.0037153140683603,2.3490627490947094,1.4166879595489332,42,,"{'n_trees': 700, 'seeds': (45,), 'params': None}"
ctune_deep_leaves,2026-08-21T19:14:05,deep_leaves,log1p,weather_no_external,A_mevsim,1.3443939938919989,1.0052464696653851,2.348271401317191,1.4172421888418216,42,,"{'n_trees': 600, 'seeds': (45,), 'params': {'num_leaves': 127, 'min_child_samples': 40, 'learning_rate': 0.03}}"
ctune_seed_avg3_500,2026-08-21T19:14:26,seed_avg3_500,log1p,weather_no_external,A_mevsim,1.3438342931792258,1.0041571829984008,2.348628719994332,1.41677223154624,42,,"{'n_trees': 500, 'seeds': (45, 59, 141), 'params': None}"
ctune_seed_avg3_deep,2026-08-21T19:14:59,seed_avg3_deep,log1p,weather_no_external,A_mevsim,1.3443592470095864,1.004862750989295,2.348922865798062,1.417269606443004,42,,"{'n_trees': 600, 'seeds': (45, 59, 141), 'params': {'num_leaves': 95, 'min_child_samples': 50, 'learning_rate': 0.04}}"
ctune_baseline_400,2026-08-21T19:15:22,baseline_400,log1p,weather_no_external,B_guncel,1.159000120243732,1.015592628988999,1.6972858434948304,1.2005184445208654,42,,"{'n_trees': 400, 'seeds': (45,), 'params': None}"
ctune_trees_700,2026-08-21T19:15:44,trees_700,log1p,weather_no_external,B_guncel,1.1585574523694366,1.014990625990204,1.6972690284893976,1.2001168098445414,42,,"{'n_trees': 700, 'seeds': (45,), 'params': None}"
ctune_deep_leaves,2026-08-21T19:16:10,deep_leaves,log1p,weather_no_external,B_guncel,1.1602494304558113,1.0175135588336115,1.696675305062361,1.201592840464392,42,,"{'n_trees': 600, 'seeds': (45,), 'params': {'num_leaves': 127, 'min_child_samples': 40, 'learning_rate': 0.03}}"
ctune_seed_avg3_500,2026-08-21T19:17:03,seed_avg3_500,log1p,weather_no_external,B_guncel,1.158566090575654,1.0144508601210422,1.6988942025307572,1.2002711231953782,42,,"{'n_trees': 500, 'seeds': (45, 59, 141), 'params': None}"
ctune_seed_avg3_deep,2026-08-21T19:18:09,seed_avg3_deep,log1p,weather_no_external,B_guncel,1.1600041758789212,1.016876884097292,1.6975624620708,1.2014509654181775,42,,"{'n_trees': 600, 'seeds': (45, 59, 141), 'params': {'num_leaves': 95, 'min_child_samples': 50, 'learning_rate': 0.04}}"
ctune_baseline_400,2026-08-21T19:18:27,baseline_400,log1p,weather_no_external,C_ara,1.3733292795769867,1.3334820371766556,1.5787222767809403,1.3915598360788242,42,,"{'n_trees': 400, 'seeds': (45,), 'params': None}"
ctune_trees_700,2026-08-21T19:18:46,trees_700,log1p,weather_no_external,C_ara,1.3737534669720102,1.3336438803958437,1.5803965861506817,1.3921016115445164,42,,"{'n_trees': 700, 'seeds': (45,), 'params': None}"
ctune_deep_leaves,2026-08-21T19:19:10,deep_leaves,log1p,weather_no_external,C_ara,1.3746690318376382,1.3353653778623962,1.5774936914808078,1.3926564520295035,42,,"{'n_trees': 600, 'seeds': (45,), 'params': {'num_leaves': 127, 'min_child_samples': 40, 'learning_rate': 0.03}}"
ctune_seed_avg3_500,2026-08-21T19:19:52,seed_avg3_500,log1p,weather_no_external,C_ara,1.3728546288158685,1.3328957995363726,1.5787717348177477,1.3911350193274512,42,,"{'n_trees': 500, 'seeds': (45, 59, 141), 'params': None}"
ctune_seed_avg3_deep,2026-08-21T19:20:53,seed_avg3_deep,log1p,weather_no_external,C_ara,1.3719941582420676,1.3319904666673168,1.5781139397855213,1.390294391883269,42,,"{'n_trees': 600, 'seeds': (45, 59, 141), 'params': {'num_leaves': 95, 'min_child_samples': 50, 'learning_rate': 0.04}}"
submit_c_tuned_seed_avg,2026-08-21T19:25:26,seed_avg3_deep,log1p,weather_no_external,submission,,,1.8749,1.3363,42,1.14554,Kaggle ref=55673114; prev C LB 1.14884; seed avg 3 deep
mo_level_shape_C_eski,2026-08-21T19:41:00,level_shape_C_eski,log1p,onestep,A_mevsim,1.1468394856307935,0.8637545678152102,2.4043173447204964,1.3644613634255984,42,,cold_rate=0.113
mo_multiorigin_C,2026-08-21T19:41:00,multiorigin_C,log1p,multiorigin,A_mevsim,1.1521614045034474,0.8650557569857765,2.423080773853852,1.372435075082324,42,,cold_rate=0.113
mo_level_shape_C_eski,2026-08-21T19:42:21,level_shape_C_eski,log1p,onestep,B_guncel,0.9842894753587476,0.7441063744513943,1.7877511949035374,1.0673524633429057,42,,cold_rate=0.157
mo_multiorigin_C,2026-08-21T19:42:21,multiorigin_C,log1p,multiorigin,B_guncel,0.936818013722173,0.667080386051383,1.7885042799750035,1.0272426848271516,42,,cold_rate=0.157
mo_level_shape_C_eski,2026-08-21T19:43:28,level_shape_C_eski,log1p,onestep,C_ara,1.2656141864529995,0.8964132802868529,2.073059860889255,1.2561177069245,42,,cold_rate=0.228
mo_multiorigin_C,2026-08-21T19:43:28,multiorigin_C,log1p,multiorigin,C_ara,1.2522282593459286,0.8721367356829675,2.072449681124908,1.2425180517620606,42,,cold_rate=0.228
mo_level_shape_C_eski,2026-08-21T19:59:47,level_shape_C_eski,log1p,onestep,A_mevsim,1.1468394856307935,0.8637545678152102,2.4043173447204964,1.3644613634255984,42,,cold_rate=0.113
mo_multiorigin_C,2026-08-21T19:59:47,multiorigin_C,log1p,multiorigin,A_mevsim,1.1674984716880723,0.887123938176725,2.4254173107250967,1.3842641341054382,42,,cold_rate=0.113
mo_level_shape_C_eski,2026-08-21T20:01:17,level_shape_C_eski,log1p,onestep,B_guncel,0.9842894753587476,0.7441063744513943,1.7877511949035374,1.0673524633429057,42,,cold_rate=0.157
mo_multiorigin_C,2026-08-21T20:01:17,multiorigin_C,log1p,multiorigin,B_guncel,0.931872055315936,0.6593048593893301,1.7875263618400936,1.022949009987299,42,,cold_rate=0.157
mo_level_shape_C_eski,2026-08-21T20:02:35,level_shape_C_eski,log1p,onestep,C_ara,1.2656141864529995,0.8964132802868529,2.073059860889255,1.2561177069245,42,,cold_rate=0.228
mo_multiorigin_C,2026-08-21T20:02:35,multiorigin_C,log1p,multiorigin,C_ara,1.2367108551130783,0.8436095751635796,2.071543107498361,1.2267516122176996,42,,cold_rate=0.228
lb_pool_rank,2026-08-31T12:42:49,lb_algebra_ridge,log1p,pool16,lb_public,1.01548,,,1.01329,42,,turetilmis harmanlar cikarildi; kosul 1.4e15->1.45e3; lambda/tr=0.003 Monte Carlo; garanti kazanc +0.00219
probe_Q_COMBO,2026-08-31T12:42:49,grup_profil+d364+SVD8,log1p,agacsiz,lb_public,1.33324,,,1.01329,42,1.33324,"izdusum R2=0.58 ||D_dik||=0.56 ama <e0,D_dik>=+0.00093; dik bilesenin kazanci 0.000003 MSE = SIFIR"
zero_floor_B,2026-08-31T12:42:49,tanisal,log1p,gecmis_p,B_guncel,0.7017,,,0.5051,42,,sifir belirsizliginin bedeli 0.2373 MSE = hatanin %48'i; surpriz sifir 970 satir tek basina 0.129 MSE
zero_floor_A,2026-08-31T12:42:49,tanisal,log1p,gecmis_p,A_mevsim,0.8656,,,0.7058,42,,sifir belirsizliginin bedeli 0.2511 MSE = hatanin %34'u
id_adjacency,2026-08-31T12:42:49,kimlik_kNN,log1p,tanim_sayisal,entity_holdout_30,,,,,42,,komsu kimlik %88 ayni ilce (rastgele %9) ama seviye tasimiyor; OOS R2 0.0186 vs band+ilce 0.0144; log(guc) sonrasi lokasyon cold seviyenin %1.4'unu acikliyor -> cold tavani gercek
